term,frequency
introduccion computacion cuantica,20
aprender computacion cuantica,17
curso introduccion computacion,15
curso computacion cuantica,11
computacion cuantica representa,10
computacion cuantica solo,7
quantum hub peru,7
mayor san marcos,6
nacional mayor san,6
planes academicos profesionales,6
resolver problemas complejos,6
universidad nacional mayor,6
ensayo interes compromiso,5
dedicar tiempo esfuerzo,5
entusiasma aprender computacion,5
computacion cuantica quantum,5
interes compromiso personal,5
interes computacion cuantica,5
adquirir conocimientos tecnicos,4
cuantica quantum hub,4
computacion cuantica posibilidad,4
fisica universidad nacional,4
estimado comite seleccion,4
computacion cuantica permitira,4
dar primer paso,4
computacion cuantica puede,4
programa encaja perfectamente,4
quantum machine learning,4
tiempo esfuerzo necesarios,4
computacion cuantica peru,3
carrera profesional fisica,3
aprender nuevo paradigma,3
aprovechar maximo oportunidad,3
consciente computacion cuantica,3
considero computacion cuantica,3
computacion cuantica soy,3
ciencias computacion universidad,3
dedicar tiempo necesario,3
agradezco oportunidad postular,3
agradezco sinceramente consideracion,3
grandes cantidades datos,3
informacion cuantica quantumhub,3
iniciar estudios universitarios,3
formar parte curso,3
computacion informacion cuantica,3
computacion cuantica area,3
largo formacion he,3
largo plazo aspiro,3
cualquier informacion adicional,3
mediano largo plazo,3
muchas gracias tiempo,3
curso computacion informacion,3
participar curso introduccion,3
curso representa oportunidad,3
computacion cuantica estudiante,3
programa introduccion computacion,3
proyectos investigacion desarrollo,3
abordar problemas complejos,3
computacion cuantica exige,3
resolucion problemas complejos,3
forma distinta pensar,3
soy consciente computacion,3
soy estudiante carrera,3
tendencia tecnologica sino,3
capacidad resolver problemas,3
dirijo ustedes expresar,3
universidad nacional san,3
veo computacion cuantica,3
area constante desarrollo,2
area escuchar explicaciones,2
asi primera vez,2
asimismo motiva potencial,2
atrajo cuantica unicamente,2
avance computacion cuantica,2
banal convergencia todas,2
barreras matematicas disenar,2
base solida computacion,2
base solida matematicas,2
bases asimismo motiva,2
bases solidas area,2
bastaban respuestas superficiales,2
bien forma comprender,2
busco preparada comprender,2
cada acercamiento convertian,2
cada clase cada,2
cada concepto cada,2
cambio intercambio academico,2
cambio total paradigma,2
camino recorrer curso,2
caminos formas conocimiento,2
actual gran parte,2
carrera ciencias computacion,2
carrera ciencias fisicas,2
carrera fisica universidad,2
carrera ingenieria electronica,2
certificaciones comptia security,2
chispa curiosidad entusiasmo,2
ciberseguridad personal proteger,2
ciberseguridad redes telecomunicaciones,2
ciclo programa curso,2
clase cada concepto,2
clasica propone realidad,2
comite seleccion quantumhub,2
complejidad tecnica sino,2
complejos trascendentales impacto,2
comprender aportar transicion,2
comprender forma cuestionar,2
comprendo impacto gigante,2
comprometido dedicar tiempo,2
comptia security objetivo,2
computacion cuantica abre,2
computacion cuantica ambito,2
computacion cuantica asi,2
computacion cuantica aun,2
computacion cuantica capacidad,2
computacion cuantica descubrimiento,2
computacion cuantica llego,2
computacion cuantica mediante,2
computacion cuantica nace,2
computacion cuantica paso,2
computacion cuantica podria,2
computacion cuantica primera,2
computacion cuantica propone,2
computacion cuantica qc,2
computacion cuantica sino,2
computacion cuantica surgio,2
computacion cuantica tendra,2
computacion cuantica tengo,2
computacion cuantica veo,2
computador cuantico interactue,2
comunidad computacion cuantica,2
comunidad quantum hub,2
concepto cada acercamiento,2
conceptos computacion cuantica,2
conceptos esfera bloch,2
conecta directamente interes,2
conmigo anos intente,2
conoci computador cuantico,2
conocimiento embargo nada,2
considero curso representa,2
considero fundamental futuro,2
considero programa encaja,2
constante cuestionar podria,2
constante desarrollo contiene,2
constante frente obvio,2
construir barreras matematicas,2
construir base solida,2
construir bases solidas,2
consumo metricas inmediatas,2
contexto actual gran,2
